word,start,end
En,0.18,0.38
"1940,",0.38,1.8
Disney,1.8,2
estrenó,2,2.5
Pinocho,2.5,2.9
en,2.9,3.42
plena,3.42,3.8
Segunda,3.8,4.2
Guerra,4.2,4.42
Mundial.,4.42,5.06
Las,5.02,5.22
familias,5.22,5.68
tenían,5.68,5.92
menos,5.92,6.26
dinero,6.26,6.62
y,6.62,7.04
la,7.04,7.32
guerra,7.32,7.56
frenó,7.56,8.06
su,8.06,8.2
distribución,8.2,8.72
internacional.,8.72,9.24
Costó,9.62,10.02
"2,6",10.02,10.68
millones,10.68,10.92
de,10.92,11.18
"dólares,",11.18,11.72
pero,11.72,11.84
recaudó,11.84,12.34
solo,12.34,12.6
"1,4",12.6,13.48
en,13.48,13.9
su,13.9,14.02
estreno.,14.02,14.48
"Después,",14.7,15.28
Pinocho,15.28,15.72
y,15.72,15.9
otros,15.9,16.12
personajes,16.12,16.52
de,16.52,16.76
Disney,16.76,17.08
participaron,17.08,17.92
en,17.92,18.16
propaganda,18.16,18.66
militar.,18.66,19.64
Eso,20.28,20.54
impulsó,20.54,21
su,21,21.18
recuperación.,21.18,21.96
Para,22.38,22.58
"1945,",22.58,23.32
acumulaba,23.32,24.96
84,24.96,25.86
millones,25.86,26.76
de,26.76,27.18
dólares,27.18,27.44
en,27.44,27.98
beneficios.,27.98,28.8
¿La,29.08,29.2
mejor,29.2,29.38
campaña,29.38,29.78
de,29.78,29.92
marketing?,29.92,30.72
Suscríbete.,31.08,31.84
