001|hook-shoe|The startled shoe-searcher springs toward the doorway holding one brown shoe while the other remains on his foot.
002|hook-shoe|He hops one step toward the sunlight with the loose shoe in his hand, late and flustered.
003|harbour-messenger-quay|The cream-robed messenger turns toward the peaceful but oddly hushed harbour, leaving the late-arrival joke to the voice.
004|map-world-blank|On the physical world chart, the small Zanzibar ring catches a brief glint while Britain and Germany remain pinned in their correct European locations.
005|clock-palace-blank|The brass minute hand barely settles before nine while Khalid watches; the enamel placard stays blank.
006|empty-throne|The empty carved throne waits in a quiet room as the mystery turns from the clock toward succession.
007|map-harbour-table-prebattle|A single small light glint moves across the existing five western ship tokens and ends at the intact palace across the water.
008|clock-palace-0859|Khalid gives the clock one tense glance while the existing 08:59 enamel placard remains perfectly steady and legible.
009|khalid-palace|Khalid grips the scroll beside the throne, chin set toward the distant harbour.
010|fleet-prebattle|The five ships hold position across the palace-facing water in a wide calm view.
011|market|Three townspeople stop their ordinary trading and turn toward the harbour.
012|map-world-blank|The world chart holds as the Zanzibar ring catches the rewind cue; no continent or pin moves.
013|map-world-oblique|A soft, narrow light glint briefly catches only the existing Zanzibar ring on the otherwise still world chart.
014|map-world-blank|A restrained focus settles on the Zanzibar ring at the eastern African coast; keep the complete world chart legible.
015|harbour-messenger-quay|A dhow glides past the intact carved palace frontage under bright morning light.
016|map-world-trade-blank|Three broad Indian Ocean trade paths converge on the fixed Zanzibar ring; no person token yet.
017|map-world-trade-blank|Follow one of the existing pale routes into Zanzibar without drawing a fourth or implying a specific historical voyage.
018|market-quay|Three local residents continue their exchange, centered in their own city rather than a blank map.
019|empty-throne|An unoccupied local throne holds in the lived-in island court, asserting that Zanzibar had its own rulers.
020|map-world-oblique|The Zanzibar marker remains tiny against the whole world chart while ocean breadth conveys its scale.
021|map-world-blank|Hold the same world geography and let the eye travel from the African coast to the small island ring.
022|fleet-quay-five|Five intact British warships approach in a low quay-level view, with the nearest bow gliding gently and the other four retaining their distinct positions.
023|market-quay|A trader carefully lowers a basket as the narration turns to enslaved people; avoid picturing suffering as spectacle.
024|map-world-trade-blank|One existing Indian Ocean trade path briefly brightens as a route of exchange, without depicting ownership.
025|fleet-quay-five|The five British ships hold in a broad staggered line while one foreground hull rocks once on the calm water.
026|harbour-messenger-quay|The intact palace and commercial dhow share one frame across the harbour.
027|market|Three residents pause at the market while the narration refuses a simplistic hero-versus-villain frame.
028|map-world-diplomacy|The fixed world map shows the British and German pin locations and Zanzibar between their overseas interests; no border fill.
029|market-quay|Three residents face the water from the quay, grounding the political decisions in ordinary lives.
030|map-world-diplomacy|Britain and Germany pins each catch one subtle glint while Zanzibar stays fixed; this means diplomatic negotiation, not physical travel.
031|map-world-blank|Britain pin and Zanzibar ring remain distinct; a thin political linkage may brighten, without suggesting annexation or a person voyage.
032|fleet-prebattle|A wide intact palace stands behind the anchored British arc across water.
033|map-world-diplomacy|The Zanzibar ring stays on its island while influence is suggested by the distant Britain pin; leave the African coast untouched.
034|empty-throne-door|The camera holds on the empty seat and its closed doorway, anticipating the succession problem.
035|empty-throne|The empty throne waits behind closed doors as the question of who may claim it sharpens.
036|khalid-throne-close|Khalid draws the scroll closer in a tight palace view, the one guard and throne remaining fixed behind him.
037|khalid-palace|Khalid turns toward the throne under the cooler light of the 1893 memory.
038|map-world-khalid|The small maroon Khalid token remains beside Zanzibar during the earlier 1893 succession attempt; no journey occurs.
039|khalid-throne-close|In the cooler 1893 memory, Khalid lowers the scroll and takes one restrained step back from the throne.
040|map-world-khalid|The maroon Khalid token remains at Zanzibar while the Britain pin remains fixed in Europe, showing opposing influence without travel.
041|rawson-bridge-over-shoulder|Rawson scans a paper from the ship bridge, looking toward the still-intact palace.
042|khalid-throne-close|Khalid gives the empty throne one tense glance and tightens his grip on the scroll.
043|empty-throne-door|The contested seat remains empty through the transition into the next succession.
044|empty-throne|The silent empty throne conveys Hamad’s death and an open succession without showing a body.
045|hamoud-council|Hamoud stands at left of the throne with his green sash clearly readable.
046|khalid-palace|Khalid takes one measured step nearer the throne inside the palace chamber.
047|hamoud-council|Hamoud's cream-and-green silhouette holds alone for a clean identity comparison.
048|khalid-throne-close|Khalid faces forward in the tight chamber view; the ivory-and-maroon identity remains distinct from Hamoud.
049|harbour-messenger-quay|News moves across the intact waterfront as distant stick residents turn toward the palace.
050|khalid-palace|Khalid gives one measured hand signal; the one visible guard holds position behind him.
051|harbour-intact|The palace doors close in a wide view across water; the city faces a public crisis.
052|khalid-throne-close|Khalid holds the demand scroll close to his chest by the throne, reading silently without lip movement.
053|khalid-palace|Khalid rolls the message closed and keeps his position beside the throne.
054|rawson-bridge|Rawson surveys the anchored British arc from the bridge, keeping the palace in sight.
055|map-harbour-table-prebattle|On the same physical harbour chart, the Rawson token by five western ships faces Khalid at the intact eastern palace across water.
056|khalid-balcony-fleet|From behind on the balcony, Khalid watches the five British ships at their fixed positions across the intact harbour.
057|harbour-intact|The palace gate remains shut in a long quiet hold; no shot has been fired.
058|rawson-bridge-over-shoulder|Rawson folds a message after another unanswered attempt, then sets it on the rail.
059|clock-palace-0800|Khalid receives the one-hour ultimatum beside the brass clock; the existing 08:00 placard remains perfectly steady.
060|clock-palace-0800|Khalid lowers his gaze from the existing 08:00 placard to the harbour, with no change to digits or clock design.
061|hook-shoe|A tiny comic glance at the shoe-searcher's wall clock mirrors the deadline without trivializing the conflict.
062|fleet-quay-five|The five British ships occupy their fixed positions facing the shore.
063|glasgow-afloat|The single Glasgow remains afloat near the Zanzibar side of the harbour.
064|map-harbour-table-prebattle|The chart clearly displays exactly five British ship tokens west, one separate Glasgow near the eastern shore and the intact palace.
065|khalid-palace|Khalid's attendants hold the palace side with fewer visible weapons than the distant fleet.
066|clock-palace-blank|The clock hand edges toward the deadline while the enamel placard remains completely blank.
067|harbour-messenger-quay|Water laps silently at the quay as the intact city waits.
068|khalid-balcony-fleet|Khalid turns his head once toward the five distant ships from the intact palace balcony.
069|rawson-bridge|Rawson tightens his grip on the binoculars while the bridge remains poised.
070|glasgow-stern|The single intact Glasgow holds its course in a low stern-quarter view; the crew stays in place and no gun fires.
071|khalid-throne-close|Khalid draws one quiet breath beside the throne and looks down at the scroll.
072|khalid-palace|He steadies the scroll by the throne and holds his position.
073|map-harbour-table-prebattle|The fixed chart holds the five British ships, Glasgow and Khalid at the intact palace before fire.
074|clock-palace-blank|The clock hand settles just before nine; Khalid stays in the same position and the placard remains blank.
075|clock-palace-0859|Khalid tightens his hand once in suspense; the existing 08:59 enamel placard remains crisp and unchanged.
076|map-harbour-table-prebattle|The fixed chart holds opposing forces across the harbour, with no firing yet and no positional flip.
077|fleet-prebattle|A slow lateral move across five stationary bows points them toward shore.
078|khalid-balcony-fleet|From the balcony Khalid holds steady, looking toward exactly five distant intact British ships before the first fire.
079|harbour-messenger-quay|The palace doors and anchored ships remain motionless across a calm harbour.
080|clock-palace-blank|A single tiny mechanical tick breaks the stillness; the enamel placard remains blank.
081|harbour-intact|A nearly silent locked harbour frame holds before the first discharge.
082|clock-palace-0900|The existing 09:00 enamel placard holds legibly as Khalid turns toward the distant first cannon sound; no visible impact in this room.
083|palace-battle|A fresh localized naval impact strikes the already-smoking palace frontage; the two defenders withdraw.
084|palace-battle-arcade|One distant ship salvo reaches the already smoky waterfront; two defenders move back from the damaged wall.
085|map-harbour-table-early-battle|The post-impact chart holds five western British ships, damaged eastern palace and still afloat Glasgow only if this beat precedes its sinking.
086|palace-battle|Stone chips fall from the damaged palace wall as the two defenders retreat toward the doorway.
087|palace-battle-arcade|Two defenders retreat along the smoky outer palace wall, with no gore and no state reset.
088|map-harbour-table-early-battle|The fleet-to-shore direction stays west-to-east on the same physical chart as the palace damage persists.
089|palace-battle|The camera holds on two defenders retreating along the smoky outside wall.
090|clock-palace-0905|The existing 09:05 enamel placard stays stable as Khalid turns toward the harbour where Glasgow is about to respond.
091|glasgow-afloat|Glasgow fires once from a fixed position toward the British line.
092|glasgow-stern|The single Glasgow remains afloat and isolated in a low stern-quarter view, holding tension before its sinking.
093|map-harbour-table-aftermath|The sunken Glasgow token settles in the water on the aftermath chart; five British tokens keep their exact positions.
094|map-harbour-table-aftermath|The same sunken Glasgow token stays below the waterline while the damaged palace and five British ships remain fixed.
095|palace-battle-arcade|Fresh stone debris falls along an already-damaged coastal wall while palace smoke persists.
096|map-harbour-table-aftermath|The aftermath chart holds five British ships, sunken Glasgow and damaged palace without new attack action.
097|palace-battle|The already-damaged palace smoulders; one intact wall becomes more visibly scorched.
098|palace-battle-arcade|A defender looks from the damaged outer wall toward the safe doorway, shifting the question toward escape.
099|map-harbour-table-aftermath|The maroon Khalid token slides a short distance inland from the damaged palace toward the German consulate gate on the same eastern shoreline.
100|consulate-refuge|Khalid reaches the German consulate gate from the palace street and stops at its threshold.
101|map-harbour-table-refuge|The maroon Khalid token holds at the consular refuge gate at the end of the marked short city route; palace, ships and Glasgow keep their aftermath positions.
102|consulate-refuge|A consular guard opens the gate once; Khalid crosses into safety.
103|consulate-inside|Inside the consulate doorway, Khalid stops safely under the arch as the one neutral guard remains near the gate.
104|consulate-inside|Khalid holds in the quiet interior refuge while the damaged harbour remains visible far outside.
105|map-harbour-table-refuge|A single white surrender cloth rises from the damaged palace on the same fixed harbour chart; the five western ships and sunken Glasgow do not move.
106|harbour-after-arch|The damaged palace and submerged Glasgow share one quiet harbour view.
107|hamoud-enthroned|Hamoud holds the newly occupied throne with a serious, restrained gaze.
108|harbour-after|Two civilians stand by the waterfront, grounding the clock story in people.
109|aftermath-civilians|Three local residents exchange one sober glance against the damaged waterfront.
110|harbour-after-arch|A respectful locked frame marks the cost before numbers are discussed.
111|aftermath-civilians-close|The same three local residents stand quietly by a fallen basket, looking toward the damaged palace while the human cost is spoken.
112|harbour-after|Hold the quiet harbour as the narration contrasts the one British injury with wider loss.
113|aftermath-civilians|The three residents stand quietly together, bringing the figures back to individual people.
114|harbour-after-arch|From beneath the Stone Town arch, let the eye travel from the damaged palace to the sunken Glasgow without moving any object.
115|clock-aftermath-blank|The brass clock holds after the battle while the enamel placard remains completely blank, delaying the answer.
116|hamoud-enthroned|Hamoud remains seated, looking toward the island through the open chamber.
117|market-quay|Three townspeople resume ordinary movement, showing the city beyond the political handoff.
118|hamoud-enthroned|The occupied throne and Hamoud’s green sash clearly establish the new sultan.
119|map-world-khalid|The maroon Khalid token moves from the Zanzibar island ring to the adjacent East African mainland within the broad historical German East Africa area; do not draw an exact itinerary or imply a trip to Germany.
120|market|The market returns in a steady view as the narration mentions later abolition-related changes.
121|harbour-after|One surviving boat rocks gently beside the quiet damaged waterfront; life continues.
122|hook-shoe|The shoe-searcher looks at the missing shoe finally in his hand, relieved but still in a hurry.
123|hook-shoe|He slips the missing shoe onto the bare foot and straightens before stepping out.
124|clock-aftermath-0938|The shoe-searcher gives the clock one surprised glance; the existing 09:38 enamel placard stays crisp against the damaged harbour beyond.
125|clock-aftermath-38-minutos|The shoe-searcher exhales in surprise while the existing 38 MINUTOS enamel placard remains large, exact and steady.
126|map-world-blank|The world chart returns to Britain, Germany and tiny Zanzibar, summarizing the long political context behind the short fighting.
127|map-harbour-table-aftermath|The aftermath harbour chart shows five British ships, sunken Glasgow and damaged palace in a resolved quiet state.
128|harbour-after-arch|The quiet damaged harbour remains visible through the Stone Town arch under a clear sky.
129|market-quay|A warm return to three local residents carries the spoken like-and-subscribe invitation.
130|hook-shoe-resolved|The now fully shod shoe-searcher stands by the open door, leaving a warm hold for the next-video invitation.
131|hook-shoe-resolved|He smiles gently with both shoes on and remains still through the final 3.68-second silent picture hold.
